,importance
sensor_15__roll_mean_10,1.334198
sensor_3__roll_mean_10,0.76808685
sensor_2__roll_mean_10,0.39072093
sensor_4__slope_10,0.3196607
cycle,0.2871509
sensor_13__roll_mean_10,0.28182724
sensor_12__roll_mean_5,0.26153594
sensor_11__roll_mean_5,0.2433325
sensor_14__roll_mean_10,0.23924573
sensor_8__roll_mean_10,0.23476358
sensor_11__slope_10,0.22229901
sensor_12__slope_10,0.20513366
sensor_20__roll_mean_5,0.20362575
sensor_21__roll_mean_10,0.20278977
sensor_20__slope_10,0.19396532
sensor_9__slope_10,0.1888749
sensor_14__roll_mean_5,0.16210791
sensor_14__slope_10,0.15972055
sensor_15__roll_mean_5,0.15546076
sensor_3__roll_mean_5,0.15542693
sensor_4__roll_mean_5,0.14865626
sensor_7__roll_std_10,0.1449916
sensor_11__roll_mean_10,0.13812414
sensor_2__roll_mean_5,0.1372467
sensor_8__slope_10,0.13630952
sensor_9__roll_mean_10,0.13003372
sensor_20__roll_std_5,0.12120995
sensor_2,0.109184854
sensor_13__slope_10,0.108922616
sensor_21__roll_mean_5,0.10694501
sensor_13__roll_mean_5,0.10385647
sensor_12,0.10231405
sensor_9__roll_mean_5,0.10011941
sensor_21__roll_std_10,0.099052645
sensor_17__slope_10,0.09639392
sensor_15,0.092456564
sensor_7__slope_10,0.0922228
sensor_7__roll_mean_5,0.09045159
sensor_11,0.082787454
sensor_13__roll_std_10,0.08231584
sensor_15__slope_10,0.075376645
sensor_3__roll_std_10,0.07347946
sensor_9__roll_std_10,0.06629329
sensor_21__slope_10,0.05394156
sensor_21__roll_std_5,0.051243167
sensor_17__roll_mean_10,0.050897904
sensor_17__roll_std_10,0.045694362
sensor_4__roll_std_10,0.04504754
sensor_4,0.04501156
sensor_11__roll_std_10,0.044167034
sensor_2__roll_std_10,0.04362263
sensor_14,0.043299157
sensor_14__roll_std_10,0.04305564
sensor_17__roll_mean_5,0.042191003
sensor_21,0.041599732
sensor_8__roll_mean_5,0.04016491
sensor_3__slope_10,0.03976469
sensor_9,0.039751675
sensor_8__roll_std_10,0.038954943
sensor_3,0.03877342
sensor_7,0.034899313
sensor_15__roll_std_5,0.0340205
sensor_4__roll_mean_10,0.033774108
sensor_12__roll_std_5,0.031110207
sensor_8__roll_std_5,0.029236995
sensor_9__roll_std_5,0.028067393
sensor_12__roll_mean_10,0.021278314
sensor_15__roll_std_10,0.02028539
sensor_3__roll_std_5,0.019458609
sensor_8,0.018675687
sensor_2__roll_std_5,0.018281579
sensor_2__pct_change1,0.018124199
sensor_11__diff1,0.017570222
sensor_20__roll_std_10,0.013327807
sensor_12__roll_std_10,0.012756299
sensor_7__roll_std_5,0.012607135
sensor_2__slope_10,0.0122963935
sensor_4__roll_std_5,0.011070362
sensor_4__diff1,0.011070068
sensor_13__roll_std_5,0.010577729
sensor_8__pct_change1,0.01055275
sensor_9__diff1,0.01040028
sensor_15__diff1,0.010129364
sensor_14__roll_std_5,0.010035565
sensor_12__pct_change1,0.009572028
sensor_13,0.009384649
operating_setting_1,0.009344068
sensor_11__roll_std_5,0.00915914
sensor_11__pct_change1,0.008612097
sensor_7__roll_mean_10,0.0068358397
sensor_21__diff1,0.0067157783
sensor_12__diff1,0.006210291
sensor_14__diff1,0.0055421675
sensor_15__pct_change1,0.0053447923
sensor_20__roll_mean_10,0.005165583
sensor_4__pct_change1,0.0047853123
sensor_20,0.004281798
sensor_17__roll_std_5,0.004215973
sensor_20__diff1,0.003962829
sensor_20__pct_change1,0.00377621
sensor_2__diff1,0.0037479978
sensor_7__diff1,0.0034701615
sensor_3__diff1,0.0033571937
sensor_17,0.0030587988
operating_setting_2,0.0030296668
sensor_17__pct_change1,0.0024947878
sensor_21__pct_change1,0.0022086499
sensor_13__pct_change1,0.001974546
sensor_8__diff1,0.0
sensor_7__pct_change1,0.0
sensor_3__pct_change1,0.0
sensor_9__pct_change1,0.0
sensor_13__diff1,0.0
sensor_14__pct_change1,0.0
sensor_17__diff1,0.0
