unit_id,cycle,rul,failure_within_h
29,1,162,0
29,2,161,0
29,3,160,0
29,4,159,0
29,5,158,0
29,6,157,0
29,7,156,0
29,8,155,0
29,9,154,0
29,10,153,0
29,11,152,0
29,12,151,0
29,13,150,0
29,14,149,0
29,15,148,0
29,16,147,0
29,17,146,0
29,18,145,0
29,19,144,0
29,20,143,0
29,21,142,0
29,22,141,0
29,23,140,0
29,24,139,0
29,25,138,0
29,26,137,0
29,27,136,0
29,28,135,0
29,29,134,0
29,30,133,0
29,31,132,0
29,32,131,0
29,33,130,0
29,34,129,0
29,35,128,0
29,36,127,0
29,37,126,0
29,38,125,0
29,39,124,0
29,40,123,0
29,41,122,0
29,42,121,0
29,43,120,0
29,44,119,0
29,45,118,0
29,46,117,0
29,47,116,0
29,48,115,0
29,49,114,0
29,50,113,0
29,51,112,0
29,52,111,0
29,53,110,0
29,54,109,0
29,55,108,0
29,56,107,0
29,57,106,0
29,58,105,0
29,59,104,0
29,60,103,0
29,61,102,0
29,62,101,0
29,63,100,0
29,64,99,0
29,65,98,0
29,66,97,0
29,67,96,0
29,68,95,0
29,69,94,0
29,70,93,0
29,71,92,0
29,72,91,0
29,73,90,0
29,74,89,0
29,75,88,0
29,76,87,0
29,77,86,0
29,78,85,0
29,79,84,0
29,80,83,0
29,81,82,0
29,82,81,0
29,83,80,0
29,84,79,0
29,85,78,0
29,86,77,0
29,87,76,0
29,88,75,0
29,89,74,0
29,90,73,0
29,91,72,0
29,92,71,0
29,93,70,0
29,94,69,0
29,95,68,0
29,96,67,0
29,97,66,0
29,98,65,0
29,99,64,0
29,100,63,0
29,101,62,0
29,102,61,0
29,103,60,0
29,104,59,0
29,105,58,0
29,106,57,0
29,107,56,0
29,108,55,0
29,109,54,0
29,110,53,0
29,111,52,0
29,112,51,0
29,113,50,0
29,114,49,0
29,115,48,0
29,116,47,0
29,117,46,0
29,118,45,0
29,119,44,0
29,120,43,0
29,121,42,0
29,122,41,0
29,123,40,0
29,124,39,0
29,125,38,0
29,126,37,0
29,127,36,0
29,128,35,0
29,129,34,0
29,130,33,0
29,131,32,0
29,132,31,0
29,133,30,1
29,134,29,1
29,135,28,1
29,136,27,1
29,137,26,1
29,138,25,1
29,139,24,1
29,140,23,1
29,141,22,1
29,142,21,1
29,143,20,1
29,144,19,1
29,145,18,1
29,146,17,1
29,147,16,1
29,148,15,1
29,149,14,1
29,150,13,1
29,151,12,1
29,152,11,1
29,153,10,1
29,154,9,1
29,155,8,1
29,156,7,1
29,157,6,1
29,158,5,1
29,159,4,1
29,160,3,1
29,161,2,1
29,162,1,1
29,163,0,1
48,1,230,0
48,2,229,0
48,3,228,0
48,4,227,0
48,5,226,0
48,6,225,0
48,7,224,0
48,8,223,0
48,9,222,0
48,10,221,0
48,11,220,0
48,12,219,0
48,13,218,0
48,14,217,0
48,15,216,0
48,16,215,0
48,17,214,0
48,18,213,0
48,19,212,0
48,20,211,0
48,21,210,0
48,22,209,0
48,23,208,0
48,24,207,0
48,25,206,0
48,26,205,0
48,27,204,0
48,28,203,0
48,29,202,0
48,30,201,0
48,31,200,0
48,32,199,0
48,33,198,0
48,34,197,0
48,35,196,0
48,36,195,0
48,37,194,0
48,38,193,0
48,39,192,0
48,40,191,0
48,41,190,0
48,42,189,0
48,43,188,0
48,44,187,0
48,45,186,0
48,46,185,0
48,47,184,0
48,48,183,0
48,49,182,0
48,50,181,0
48,51,180,0
48,52,179,0
48,53,178,0
48,54,177,0
48,55,176,0
48,56,175,0
48,57,174,0
48,58,173,0
48,59,172,0
48,60,171,0
48,61,170,0
48,62,169,0
48,63,168,0
48,64,167,0
48,65,166,0
48,66,165,0
48,67,164,0
48,68,163,0
48,69,162,0
48,70,161,0
48,71,160,0
48,72,159,0
48,73,158,0
48,74,157,0
48,75,156,0
48,76,155,0
48,77,154,0
48,78,153,0
48,79,152,0
48,80,151,0
48,81,150,0
48,82,149,0
48,83,148,0
48,84,147,0
48,85,146,0
48,86,145,0
48,87,144,0
48,88,143,0
48,89,142,0
48,90,141,0
48,91,140,0
48,92,139,0
48,93,138,0
48,94,137,0
48,95,136,0
48,96,135,0
48,97,134,0
48,98,133,0
48,99,132,0
48,100,131,0
48,101,130,0
48,102,129,0
48,103,128,0
48,104,127,0
48,105,126,0
48,106,125,0
48,107,124,0
48,108,123,0
48,109,122,0
48,110,121,0
48,111,120,0
48,112,119,0
48,113,118,0
48,114,117,0
48,115,116,0
48,116,115,0
48,117,114,0
48,118,113,0
48,119,112,0
48,120,111,0
48,121,110,0
48,122,109,0
48,123,108,0
48,124,107,0
48,125,106,0
48,126,105,0
48,127,104,0
48,128,103,0
48,129,102,0
48,130,101,0
48,131,100,0
48,132,99,0
48,133,98,0
48,134,97,0
48,135,96,0
48,136,95,0
48,137,94,0
48,138,93,0
48,139,92,0
48,140,91,0
48,141,90,0
48,142,89,0
48,143,88,0
48,144,87,0
48,145,86,0
48,146,85,0
48,147,84,0
48,148,83,0
48,149,82,0
48,150,81,0
48,151,80,0
48,152,79,0
48,153,78,0
48,154,77,0
48,155,76,0
48,156,75,0
48,157,74,0
48,158,73,0
48,159,72,0
48,160,71,0
48,161,70,0
48,162,69,0
48,163,68,0
48,164,67,0
48,165,66,0
48,166,65,0
48,167,64,0
48,168,63,0
48,169,62,0
48,170,61,0
48,171,60,0
48,172,59,0
48,173,58,0
48,174,57,0
48,175,56,0
48,176,55,0
48,177,54,0
48,178,53,0
48,179,52,0
48,180,51,0
48,181,50,0
48,182,49,0
48,183,48,0
48,184,47,0
48,185,46,0
48,186,45,0
48,187,44,0
48,188,43,0
48,189,42,0
48,190,41,0
48,191,40,0
48,192,39,0
48,193,38,0
48,194,37,0
48,195,36,0
48,196,35,0
48,197,34,0
48,198,33,0
48,199,32,0
48,200,31,0
48,201,30,1
48,202,29,1
48,203,28,1
48,204,27,1
48,205,26,1
48,206,25,1
48,207,24,1
48,208,23,1
48,209,22,1
48,210,21,1
48,211,20,1
48,212,19,1
48,213,18,1
48,214,17,1
48,215,16,1
48,216,15,1
48,217,14,1
48,218,13,1
48,219,12,1
48,220,11,1
48,221,10,1
48,222,9,1
48,223,8,1
48,224,7,1
48,225,6,1
48,226,5,1
48,227,4,1
48,228,3,1
48,229,2,1
48,230,1,1
48,231,0,1
70,1,136,0
70,2,135,0
70,3,134,0
70,4,133,0
70,5,132,0
70,6,131,0
70,7,130,0
70,8,129,0
70,9,128,0
70,10,127,0
70,11,126,0
70,12,125,0
70,13,124,0
70,14,123,0
70,15,122,0
70,16,121,0
70,17,120,0
70,18,119,0
70,19,118,0
70,20,117,0
70,21,116,0
70,22,115,0
70,23,114,0
70,24,113,0
70,25,112,0
70,26,111,0
70,27,110,0
70,28,109,0
70,29,108,0
70,30,107,0
70,31,106,0
70,32,105,0
70,33,104,0
70,34,103,0
70,35,102,0
70,36,101,0
70,37,100,0
70,38,99,0
70,39,98,0
70,40,97,0
70,41,96,0
70,42,95,0
70,43,94,0
70,44,93,0
70,45,92,0
70,46,91,0
70,47,90,0
70,48,89,0
70,49,88,0
70,50,87,0
70,51,86,0
70,52,85,0
70,53,84,0
70,54,83,0
70,55,82,0
70,56,81,0
70,57,80,0
70,58,79,0
70,59,78,0
70,60,77,0
70,61,76,0
70,62,75,0
70,63,74,0
70,64,73,0
70,65,72,0
70,66,71,0
70,67,70,0
70,68,69,0
70,69,68,0
70,70,67,0
70,71,66,0
70,72,65,0
70,73,64,0
70,74,63,0
70,75,62,0
70,76,61,0
70,77,60,0
70,78,59,0
70,79,58,0
70,80,57,0
70,81,56,0
70,82,55,0
70,83,54,0
70,84,53,0
70,85,52,0
70,86,51,0
70,87,50,0
70,88,49,0
70,89,48,0
70,90,47,0
70,91,46,0
70,92,45,0
70,93,44,0
70,94,43,0
70,95,42,0
70,96,41,0
70,97,40,0
70,98,39,0
70,99,38,0
70,100,37,0
70,101,36,0
70,102,35,0
70,103,34,0
70,104,33,0
70,105,32,0
70,106,31,0
70,107,30,1
70,108,29,1
70,109,28,1
70,110,27,1
70,111,26,1
70,112,25,1
70,113,24,1
70,114,23,1
70,115,22,1
70,116,21,1
70,117,20,1
70,118,19,1
70,119,18,1
70,120,17,1
70,121,16,1
70,122,15,1
70,123,14,1
70,124,13,1
70,125,12,1
70,126,11,1
70,127,10,1
70,128,9,1
70,129,8,1
70,130,7,1
70,131,6,1
70,132,5,1
70,133,4,1
70,134,3,1
70,135,2,1
70,136,1,1
70,137,0,1
77,1,153,0
77,2,152,0
77,3,151,0
77,4,150,0
77,5,149,0
77,6,148,0
77,7,147,0
77,8,146,0
77,9,145,0
77,10,144,0
77,11,143,0
77,12,142,0
77,13,141,0
77,14,140,0
77,15,139,0
77,16,138,0
77,17,137,0
77,18,136,0
77,19,135,0
77,20,134,0
77,21,133,0
77,22,132,0
77,23,131,0
77,24,130,0
77,25,129,0
77,26,128,0
77,27,127,0
77,28,126,0
77,29,125,0
77,30,124,0
77,31,123,0
77,32,122,0
77,33,121,0
77,34,120,0
77,35,119,0
77,36,118,0
77,37,117,0
77,38,116,0
77,39,115,0
77,40,114,0
77,41,113,0
77,42,112,0
77,43,111,0
77,44,110,0
77,45,109,0
77,46,108,0
77,47,107,0
77,48,106,0
77,49,105,0
77,50,104,0
77,51,103,0
77,52,102,0
77,53,101,0
77,54,100,0
77,55,99,0
77,56,98,0
77,57,97,0
77,58,96,0
77,59,95,0
77,60,94,0
77,61,93,0
77,62,92,0
77,63,91,0
77,64,90,0
77,65,89,0
77,66,88,0
77,67,87,0
77,68,86,0
77,69,85,0
77,70,84,0
77,71,83,0
77,72,82,0
77,73,81,0
77,74,80,0
77,75,79,0
77,76,78,0
77,77,77,0
77,78,76,0
77,79,75,0
77,80,74,0
77,81,73,0
77,82,72,0
77,83,71,0
77,84,70,0
77,85,69,0
77,86,68,0
77,87,67,0
77,88,66,0
77,89,65,0
77,90,64,0
77,91,63,0
77,92,62,0
77,93,61,0
77,94,60,0
77,95,59,0
77,96,58,0
77,97,57,0
77,98,56,0
77,99,55,0
77,100,54,0
77,101,53,0
77,102,52,0
77,103,51,0
77,104,50,0
77,105,49,0
77,106,48,0
77,107,47,0
77,108,46,0
77,109,45,0
77,110,44,0
77,111,43,0
77,112,42,0
77,113,41,0
77,114,40,0
77,115,39,0
77,116,38,0
77,117,37,0
77,118,36,0
77,119,35,0
77,120,34,0
77,121,33,0
77,122,32,0
77,123,31,0
77,124,30,1
77,125,29,1
77,126,28,1
77,127,27,1
77,128,26,1
77,129,25,1
77,130,24,1
77,131,23,1
77,132,22,1
77,133,21,1
77,134,20,1
77,135,19,1
77,136,18,1
77,137,17,1
77,138,16,1
77,139,15,1
77,140,14,1
77,141,13,1
77,142,12,1
77,143,11,1
77,144,10,1
77,145,9,1
77,146,8,1
77,147,7,1
77,148,6,1
77,149,5,1
77,150,4,1
77,151,3,1
77,152,2,1
77,153,1,1
77,154,0,1
97,1,201,0
97,2,200,0
97,3,199,0
97,4,198,0
97,5,197,0
97,6,196,0
97,7,195,0
97,8,194,0
97,9,193,0
97,10,192,0
97,11,191,0
97,12,190,0
97,13,189,0
97,14,188,0
97,15,187,0
97,16,186,0
97,17,185,0
97,18,184,0
97,19,183,0
97,20,182,0
97,21,181,0
97,22,180,0
97,23,179,0
97,24,178,0
97,25,177,0
97,26,176,0
97,27,175,0
97,28,174,0
97,29,173,0
97,30,172,0
97,31,171,0
97,32,170,0
97,33,169,0
97,34,168,0
97,35,167,0
97,36,166,0
97,37,165,0
97,38,164,0
97,39,163,0
97,40,162,0
97,41,161,0
97,42,160,0
97,43,159,0
97,44,158,0
97,45,157,0
97,46,156,0
97,47,155,0
97,48,154,0
97,49,153,0
97,50,152,0
97,51,151,0
97,52,150,0
97,53,149,0
97,54,148,0
97,55,147,0
97,56,146,0
97,57,145,0
97,58,144,0
97,59,143,0
97,60,142,0
97,61,141,0
97,62,140,0
97,63,139,0
97,64,138,0
97,65,137,0
97,66,136,0
97,67,135,0
97,68,134,0
97,69,133,0
97,70,132,0
97,71,131,0
97,72,130,0
97,73,129,0
97,74,128,0
97,75,127,0
97,76,126,0
97,77,125,0
97,78,124,0
97,79,123,0
97,80,122,0
97,81,121,0
97,82,120,0
97,83,119,0
97,84,118,0
97,85,117,0
97,86,116,0
97,87,115,0
97,88,114,0
97,89,113,0
97,90,112,0
97,91,111,0
97,92,110,0
97,93,109,0
97,94,108,0
97,95,107,0
97,96,106,0
97,97,105,0
97,98,104,0
97,99,103,0
97,100,102,0
97,101,101,0
97,102,100,0
97,103,99,0
97,104,98,0
97,105,97,0
97,106,96,0
97,107,95,0
97,108,94,0
97,109,93,0
97,110,92,0
97,111,91,0
97,112,90,0
97,113,89,0
97,114,88,0
97,115,87,0
97,116,86,0
97,117,85,0
97,118,84,0
97,119,83,0
97,120,82,0
97,121,81,0
97,122,80,0
97,123,79,0
97,124,78,0
97,125,77,0
97,126,76,0
97,127,75,0
97,128,74,0
97,129,73,0
97,130,72,0
97,131,71,0
97,132,70,0
97,133,69,0
97,134,68,0
97,135,67,0
97,136,66,0
97,137,65,0
97,138,64,0
97,139,63,0
97,140,62,0
97,141,61,0
97,142,60,0
97,143,59,0
97,144,58,0
97,145,57,0
97,146,56,0
97,147,55,0
97,148,54,0
97,149,53,0
97,150,52,0
97,151,51,0
97,152,50,0
97,153,49,0
97,154,48,0
97,155,47,0
97,156,46,0
97,157,45,0
97,158,44,0
97,159,43,0
97,160,42,0
97,161,41,0
97,162,40,0
97,163,39,0
97,164,38,0
97,165,37,0
97,166,36,0
97,167,35,0
97,168,34,0
97,169,33,0
97,170,32,0
97,171,31,0
97,172,30,1
97,173,29,1
97,174,28,1
97,175,27,1
97,176,26,1
97,177,25,1
97,178,24,1
97,179,23,1
97,180,22,1
97,181,21,1
97,182,20,1
97,183,19,1
97,184,18,1
97,185,17,1
97,186,16,1
97,187,15,1
97,188,14,1
97,189,13,1
97,190,12,1
97,191,11,1
97,192,10,1
97,193,9,1
97,194,8,1
97,195,7,1
97,196,6,1
97,197,5,1
97,198,4,1
97,199,3,1
97,200,2,1
97,201,1,1
97,202,0,1
