UDI,Product ID,Type,Air temperature [K],Process temperature [K],Rotational speed [rpm],Torque [Nm],Tool wear [min],Machine failure,TWF,HDF,PWF,OSF,RNF
1,L0,L,300.8069908455428,309.8832684590902,1852,23.418279384160467,51,1,0,0,0,1,1
2,L1,L,300.05508760389864,312.14633487643556,2070,59.87501848757695,160,1,0,1,0,0,0
3,L2,L,296.440787860132,309.62979908764623,1670,19.74415982023578,0,0,1,1,1,0,1
4,L3,L,301.23998485528983,309.1436589984467,2639,54.23421865542665,235,1,0,0,1,1,0
5,L4,L,297.7364041786077,309.10779474408423,2061,20.26662887605017,180,0,0,0,0,1,1
6,L5,L,299.87834318544014,310.05264572518155,2767,49.274432576629586,187,0,0,0,1,0,0
7,L6,L,295.8227232427706,310.5797457186789,1425,58.28379176754814,161,0,0,0,0,0,1
8,L7,L,299.59584057213624,312.9856950263304,2011,19.1848277790839,3,0,0,1,0,0,1
9,L8,L,298.0646346804282,308.7193465608363,1288,7.435804263736813,144,1,0,1,1,1,0
10,L9,L,303.22381211185353,312.40955508436934,1977,12.692056981568882,131,0,0,0,0,0,1
11,L10,L,295.5697872699737,311.1887294851358,2145,47.84377557805588,170,1,0,0,0,0,1
12,L11,L,299.1860727491833,309.72767205605595,1221,65.85903406070443,245,0,0,0,0,0,1
13,L12,L,299.58431424131436,310.9569175071969,2186,6.329764771421403,217,0,1,0,1,1,0
14,L13,L,302.2500607629912,309.79965241866216,2522,57.32719316908182,3,1,1,0,1,0,1
15,L14,L,300.7428757509021,311.5764917314298,1951,28.25757980030386,0,0,1,0,1,1,1
16,L15,L,301.67212337194184,310.60306353713145,1408,38.41109937404467,70,1,0,1,1,1,0
17,L16,L,302.77049285651754,308.9864331744733,2721,71.73560668857186,221,1,0,1,0,0,0
18,L17,L,303.6220297365819,308.6994984473342,1650,27.565891350452564,177,0,1,1,1,1,0
19,L18,L,298.1387549672247,311.2801740924328,2180,37.43493311152197,200,0,0,0,1,0,0
20,L19,L,300.38022705363903,313.4144781997166,1354,4.012498692290402,188,0,1,0,1,1,0
21,L20,L,303.401080784392,310.0637461193461,1823,9.038305280358038,34,0,0,0,1,1,1
22,L21,L,304.89451130965057,312.39800064333576,1429,22.135777743974018,7,0,1,1,0,0,1
23,L22,L,303.8951931104376,311.9519681296386,2120,5.061065820759506,252,0,1,0,0,0,1
24,L23,L,298.7146726262438,313.58932948585687,2555,49.72177412757057,151,1,1,0,0,0,0
25,L24,L,296.9516651721865,312.9258861037948,1658,34.55347840332007,210,1,0,1,1,1,1
26,L25,L,299.8939253740659,311.39963155343276,1598,43.56274500187363,35,0,1,0,1,1,0
27,L26,L,302.4164145183604,311.94218298940467,1406,15.923891756328386,177,1,0,1,0,0,0
28,L27,L,299.92569070753297,313.3903187995042,1471,24.898970178309593,243,1,0,1,1,0,1
29,L28,L,299.8318086331367,310.3971127075216,1465,52.123011139101656,122,0,0,0,1,1,0
30,L29,L,303.382304210818,309.96076823514665,1243,74.43240154864958,42,0,0,1,0,1,0
31,L30,L,298.6140377906719,308.0648665018112,2524,6.730841246563481,26,1,0,0,0,1,1
32,L31,L,303.59794674811644,312.9593064451488,2166,68.8884397432897,31,0,0,1,1,0,0
33,L32,L,299.0680480095172,312.8058842024202,1809,45.689208897029424,77,1,0,0,1,1,0
34,L33,L,298.2823310567834,308.6267271086009,2665,44.730047939916155,120,0,1,1,1,0,1
35,L34,L,299.539899111997,311.4611442867962,1994,40.02061160537426,145,1,1,0,0,1,0
36,L35,L,302.62446958674866,310.78389018900134,1450,8.135162356909571,155,1,1,1,0,1,0
37,L36,L,296.26002027863996,308.7122545730547,1758,9.65088702847589,251,1,0,1,0,0,1
38,L37,L,296.96419215872015,313.8834093623643,1239,47.46748841877237,156,1,0,1,0,0,1
39,L38,L,304.51444825663094,309.2881753247801,2454,28.230934286231314,15,0,0,0,1,0,1
40,L39,L,296.7549162738136,308.4034050805434,1870,70.87783692674837,98,0,0,0,0,1,1
41,L40,L,300.67727317931053,311.5690842770115,1742,33.08769976460095,46,1,1,1,0,1,0
42,L41,L,300.79314466661936,312.4332000627982,2167,13.60282794399544,250,1,0,0,1,1,0
43,L42,L,299.89624462050244,308.19466067628315,2059,55.889193679150665,186,0,1,1,1,0,1
44,L43,L,301.44745248576817,311.95230583236213,1179,24.70815318663473,30,0,0,0,1,1,0
45,L44,L,297.2982672579762,311.1937512557087,1308,41.88480274433609,3,1,1,1,0,0,0
46,L45,L,300.5266226777675,308.6195900532503,2746,54.639626127382584,164,1,0,0,1,0,1
47,L46,L,298.72173255246895,309.0351432616782,1184,69.6195442289532,16,1,1,1,1,0,1
48,L47,L,301.6166725962919,311.4078457838965,2254,61.622148415324034,38,1,0,1,0,1,0
49,L48,L,296.4122354337315,309.7781456810797,1420,53.05071902258158,47,1,1,1,0,1,1
50,L49,L,300.70877416839477,313.6298943719079,1632,53.29285549724062,173,0,0,1,1,0,1
51,L50,L,296.85270355383324,312.9124413769043,1543,72.9984236583744,217,1,1,0,0,1,1
52,L51,L,297.7864306311504,313.90140323908196,2148,24.890983214743667,175,0,1,1,1,0,0
53,L52,L,297.18709800323586,309.5580250337025,1687,3.082294970517868,38,0,0,0,1,0,1
54,L53,L,296.82837779868817,313.8183417967879,1257,23.124637395466703,232,0,1,0,0,1,0
55,L54,L,303.25710951560666,310.58740321874933,1887,19.123962092379056,131,1,0,1,1,0,0
56,L55,L,297.85707567660893,310.0851127718825,1971,51.97575929843587,29,0,0,0,0,0,0
57,L56,L,304.2712378186445,308.3020971618161,1963,49.89465838264915,157,0,0,0,0,1,1
58,L57,L,304.6992652534519,308.3165915471576,1797,46.91614232014956,21,0,1,0,0,0,1
59,L58,L,300.71260469937096,312.1520675356799,2366,4.202014797499574,202,0,1,1,1,0,1
60,L59,L,296.43001122665726,310.7475739666042,1243,56.92957602934791,65,1,0,0,0,0,1
61,L60,L,298.7454824337958,309.35912975621665,2804,26.941250523926374,107,1,0,0,0,0,1
62,L61,L,302.9773226334821,311.68382183795137,2093,52.2141431864907,11,0,1,1,1,0,0
63,L62,L,298.6739072869707,309.51714870950065,2854,44.18680370915935,221,0,1,1,1,0,0
64,L63,L,295.8701721830279,311.46579052606654,1567,28.362088481665133,35,1,1,0,1,0,0
65,L64,L,300.5678491092819,310.1552524818961,2137,12.958643765703973,17,1,0,1,1,1,1
66,L65,L,303.45120851496034,312.9413133596709,2262,9.98699842687559,89,1,0,0,0,1,0
67,L66,L,302.95926387143504,312.9241769646007,2371,64.53235665030454,180,0,0,0,0,0,0
68,L67,L,296.7512314013035,310.8641023887344,2315,70.9614181140353,198,1,0,0,0,0,1
69,L68,L,301.72764614412466,310.10491465601007,2572,51.084315460558166,252,0,0,1,1,1,1
70,L69,L,297.20504263435646,310.17535877935455,2484,10.65412449967577,0,0,1,0,1,1,0
71,L70,L,297.1820753455217,312.8342871540093,1964,32.75001404972981,126,1,0,1,0,1,0
72,L71,L,303.74071773305184,309.9690768967857,1362,56.94150080778164,185,0,1,1,1,1,1
73,L72,L,297.4966895274023,309.2543562422411,1395,60.706745416745036,89,1,1,0,1,1,1
74,L73,L,297.6324734651801,308.50813005125184,2622,11.748178049540556,86,0,0,1,0,0,1
75,L74,L,295.006533907613,310.80015872530646,2627,3.002273194558299,89,1,1,1,0,1,1
76,L75,L,303.7066903412552,310.89279259351906,1628,55.69814139516477,236,0,0,1,1,1,0
77,L76,L,302.9259481320913,313.0454522624174,1785,29.388117022979216,133,0,1,1,1,1,0
78,L77,L,301.2732893509068,309.32743217867636,2212,21.831618539751258,69,1,0,1,1,0,1
79,L78,L,302.5026576393884,310.2859476420104,1231,3.9544127644248825,43,1,0,0,0,0,0
80,L79,L,296.5204856742449,312.8504344333621,1332,42.98215610035098,199,1,1,1,0,0,0
81,L80,L,299.58323594587574,312.94174166449386,1194,65.98515442152265,151,1,0,0,0,0,1
82,L81,L,298.51219387348783,310.3076664558726,2502,73.8647418241715,85,0,1,0,0,0,0
83,L82,L,295.93776526257017,310.75474413972006,2179,44.8651263453834,18,1,0,0,0,0,0
84,L83,L,299.86130485214926,309.8197153450957,1452,41.070138252752166,100,1,0,0,1,1,0
85,L84,L,304.20739650342637,313.5953292705159,2851,9.294172526203841,145,0,0,0,1,0,1
86,L85,L,295.40059119050693,308.7118625944495,1448,43.61658731415238,94,1,1,0,1,0,1
87,L86,L,297.91460913493796,313.60249653800884,2005,31.118451843439203,253,1,1,1,0,1,0
88,L87,L,297.07540936205703,312.10319871101206,1998,47.92801078538469,100,0,0,1,0,0,1
89,L88,L,297.38146653665694,311.1894329161204,2355,31.765749742864454,29,1,1,1,0,1,1
90,L89,L,304.0843455187937,308.19595436470695,2085,20.782135135327138,248,1,0,0,1,1,1
91,L90,L,299.6806905423429,310.85357715093204,1391,10.02743036689986,169,1,1,1,0,0,0
92,L91,L,299.6629941293982,310.4464886300164,1951,26.303964899578283,32,1,1,1,0,1,0
93,L92,L,302.60575642455285,308.9673128718507,2337,10.15171773729367,201,1,0,1,1,1,1
94,L93,L,296.54492204004924,311.9384576210039,2132,16.090374360974813,228,1,0,0,0,1,0
95,L94,L,299.8726535410005,313.82690544420973,2117,76.0628757348864,11,0,0,1,1,1,0
96,L95,L,299.2998521412106,311.37313286638715,2221,35.86366321108978,117,1,0,0,0,0,0
97,L96,L,300.96910690546656,312.2885196586637,1212,42.358510721371225,93,0,0,1,0,1,0
98,L97,L,304.9955770325044,308.4107027153961,1638,67.64777112655393,154,0,1,0,1,0,0
99,L98,L,302.69448894082046,310.50600197490195,1201,76.67209863631089,166,0,1,0,1,1,1
100,L99,L,298.97865703017425,308.69815091098695,1820,46.120869251506434,136,0,0,0,1,1,0
101,L100,L,303.2755305227405,311.67677501321907,2618,63.123062757268706,245,1,0,1,1,1,0
102,L101,L,296.7070836331248,313.63089294928494,1997,27.19363580091397,148,1,0,1,1,0,0
103,L102,L,295.3046368630896,311.97066639482983,1388,25.625052851099543,75,1,1,0,1,0,1
104,L103,L,297.0444837246427,308.4608182898865,1701,32.80007535359745,246,0,0,1,0,0,1
105,L104,L,298.4041155611426,310.1279972299105,1859,52.765537437850035,28,1,0,0,0,1,1
106,L105,L,300.1058075745956,311.3039802766451,2558,53.48218500487731,160,1,1,0,1,1,0
107,L106,L,301.151291405412,310.4192465367995,2099,26.32771816405936,234,1,1,1,0,1,1
108,L107,L,304.10605717214423,313.00186406285104,2008,12.857534386110522,189,0,1,1,1,1,1
109,L108,L,300.0985400955046,312.88802602825996,2178,49.79732297844763,116,0,1,1,0,0,1
110,L109,L,300.0127564462573,311.6709861206193,2741,12.496113801968574,14,1,0,0,1,1,1
111,L110,L,295.5024300982298,310.2407476707962,1749,45.80844560897042,1,0,1,0,0,0,0
112,L111,L,295.34911552656223,309.53201824257945,2307,54.31323747616686,179,0,1,1,0,1,1
113,L112,L,300.51159961916375,308.63524590927875,1406,54.845250733189424,230,1,0,0,0,0,1
114,L113,L,299.38178613248346,310.1293861009193,2526,58.75693618881016,116,0,0,1,0,0,0
115,L114,L,303.391803949803,310.4790351032463,1608,67.59159719585918,171,0,0,0,0,1,0
116,L115,L,296.60679584711846,312.05493755062446,1315,39.99696540539434,181,1,1,1,1,1,1
117,L116,L,295.2497166211705,311.9489589457854,2200,57.038440025188265,17,0,0,1,1,0,0
118,L117,L,299.49038767930125,308.4206488378475,2479,48.818782417071915,2,0,1,0,1,1,1
119,L118,L,297.37478556752257,310.37155589258697,1555,16.811355545028512,134,0,1,1,0,1,0
120,L119,L,295.49614373338835,309.09067320330416,2241,4.901033720336205,170,0,1,1,1,0,0
121,L120,L,302.2459828684763,308.94087623190086,2708,24.056062540093098,209,0,0,0,0,0,1
122,L121,L,296.1159299995725,312.9638128984235,2083,35.784494268983835,235,0,1,1,0,0,0
123,L122,L,301.0831950000777,308.2514913002976,1805,48.665839887720566,165,0,0,0,0,0,1
124,L123,L,297.8104975016689,310.51509725541274,2778,65.8969904572372,164,0,0,1,1,1,0
125,L124,L,296.7349605035502,309.0092219345991,1445,17.52218303625626,185,1,0,0,0,0,1
126,L125,L,298.79751522919315,313.27598129407085,2156,12.290684452487305,160,1,1,1,1,0,0
127,L126,L,303.01445776222954,311.3422430796502,2491,74.29751611310024,107,1,1,1,1,0,0
128,L127,L,298.92093576904574,309.3882838182611,1756,10.995297393854127,186,1,1,1,0,1,0
129,L128,L,302.50769649211054,311.0145637229983,1816,38.408339187932,94,0,0,1,0,0,0
130,L129,L,296.2548629679915,312.3889181582187,1785,46.33171593070434,121,1,1,0,1,1,0
131,L130,L,302.72771419665077,313.7487080535166,2798,43.06170714715043,10,1,1,0,1,0,1
132,L131,L,297.3693332490665,309.3226760254725,1302,9.366379620437797,67,0,1,0,1,0,0
133,L132,L,301.7739312988887,313.31709063277606,1747,7.219991636267833,122,0,1,0,1,1,1
134,L133,L,300.65781554841,313.60582468500496,2338,10.80577363211664,209,0,1,0,1,0,1
135,L134,L,304.2914471721169,313.4985232671924,1657,46.333488606573326,195,0,0,0,1,0,1
136,L135,L,298.87322517975315,311.81248614117146,1645,43.28152168493976,112,0,0,0,0,1,0
137,L136,L,295.6616518883444,311.77892392660823,2350,20.296818610719075,97,1,0,1,1,0,1
138,L137,L,295.19155485551255,310.41926379910296,1551,50.19528649657377,92,0,0,1,1,0,0
139,L138,L,303.26858560972755,312.5143872938227,1330,63.684995152118056,215,1,1,1,1,0,1
140,L139,L,300.24735637661433,311.1877641101056,1608,6.0768430286479385,21,1,0,1,1,0,1
141,L140,L,302.7524405183495,312.06462842736977,2380,39.86161582255514,193,0,1,0,0,1,1
142,L141,L,297.34425600011514,310.57074742309277,1582,54.00897049559908,171,1,0,0,0,0,1
143,L142,L,298.45083745513233,312.3889787842588,2530,21.671082603156844,126,1,0,0,1,1,1
144,L143,L,295.30103872211316,312.9468291056273,2798,25.775046991693035,133,0,0,1,1,0,0
145,L144,L,304.6149232457411,308.87861753961687,2372,48.4092048212144,169,1,1,0,1,1,1
146,L145,L,301.67867906700815,312.9975782934454,1455,69.44721171483653,24,1,1,1,0,0,1
147,L146,L,304.3320508775931,311.24177919074185,1354,62.93440710241455,246,1,0,0,0,1,0
148,L147,L,297.6549640742907,313.06799545454135,2329,46.15163621336918,184,0,1,0,0,0,0
149,L148,L,301.1146361122566,310.5878102380461,1297,57.03640711403644,84,0,0,0,0,1,0
150,L149,L,301.78499968292635,310.27424291229823,1361,29.9968627953771,54,0,0,0,0,1,1
151,L150,L,298.17549700257587,313.4903643951033,1483,50.431449079308074,250,1,0,1,0,0,1
152,L151,L,303.4810923501563,309.5070156052904,1311,37.497437743439214,143,0,1,1,1,1,1
153,L152,L,304.4716146290025,313.06527395171685,1183,17.05527409785951,94,1,0,0,0,0,1
154,L153,L,303.84855117696003,310.9041234350564,2493,54.928632266917035,141,0,0,1,0,0,1
155,L154,L,302.39066975939375,311.08457265530757,1590,44.17838316381283,166,1,0,0,1,0,1
156,L155,L,297.77464679724955,309.8508096889369,1412,29.537997064565765,155,0,1,0,0,0,0
157,L156,L,297.81616042105634,311.4382532037141,2094,70.43910006581868,223,0,0,0,1,0,0
158,L157,L,304.63360320446037,309.95126717765726,2298,4.549124719178262,219,1,1,0,0,1,1
159,L158,L,295.1028449593569,308.2356164854499,2279,26.367213192462703,178,0,0,1,1,0,1
160,L159,L,302.16049973242144,309.63199163206616,1296,7.209223435545845,118,1,1,0,1,0,1
161,L160,L,302.0624616255526,308.03827426043955,2074,59.72302140040041,176,0,0,0,1,0,1
162,L161,L,301.22689540949796,313.8701287223411,2054,54.955951604420655,8,0,0,1,1,0,1
163,L162,L,304.90108846086866,313.7944832589185,1508,27.52006418648746,185,1,1,0,1,0,0
164,L163,L,298.1187943576372,310.37093178483383,1171,52.99905476332341,172,1,1,1,0,0,0
165,L164,L,298.3997186379325,312.3702251260379,2518,32.299354738500284,149,1,0,0,0,1,1
166,L165,L,295.78939402946554,310.07483659046255,2601,58.96278056526014,159,0,1,0,1,1,0
167,L166,L,299.42798136543735,312.02655894251586,1473,36.60959104251625,196,1,0,0,1,0,1
168,L167,L,297.6104852623485,312.83258025827587,2075,33.508699859543256,214,0,0,0,1,1,1
169,L168,L,298.43386702177645,313.68053746815343,1774,72.17001374613427,196,1,0,0,0,0,1
170,L169,L,303.34571790255626,310.401273655098,2416,21.565053391911817,41,1,1,0,1,0,0
171,L170,L,304.35484513527496,312.6997878977363,2539,11.913103159745841,52,1,0,1,1,0,0
172,L171,L,296.85733072005183,309.5955707037927,2159,46.25619038119991,223,1,1,0,1,0,1
173,L172,L,298.72508931553466,313.9419938227619,1488,74.72981410902923,186,1,0,1,1,0,0
174,L173,L,304.28630562115393,308.15461759258613,1726,30.96010181581181,73,1,1,1,0,1,0
175,L174,L,295.61808460689224,311.6211728390067,2372,7.590720508529833,250,0,1,0,1,1,1
176,L175,L,295.9236052811138,311.95703588990796,1785,28.10858978090799,38,1,0,1,1,1,0
177,L176,L,296.6279098920623,312.1282733424448,1878,40.438942419647326,121,0,1,0,0,1,0
178,L177,L,300.95212834126875,308.72232547273455,2577,14.982302490783814,14,1,0,1,1,0,1
179,L178,L,296.50472271006,313.6311787008388,2809,51.69956413618041,198,1,0,0,1,1,1
180,L179,L,304.6807638145073,309.0870996743005,2299,76.83345478675484,156,1,0,1,0,0,0
181,L180,L,299.4671452725852,311.73652041943905,1698,36.42872122262684,122,0,0,1,0,1,1
182,L181,L,300.0151796035017,309.3360564747385,1577,29.249913198035735,110,0,0,0,0,1,0
183,L182,L,297.46658615805404,309.84329850212765,2487,32.652108345750534,130,1,1,1,1,1,1
184,L183,L,299.70960252434736,311.27875125036877,1985,11.520817201244885,82,0,0,0,1,1,1
185,L184,L,301.6191363263701,310.5031605113875,2362,68.36224650554055,9,1,1,0,0,0,1
186,L185,L,302.51177136954044,308.961353605859,2522,33.69709850858005,91,1,1,0,0,1,1
187,L186,L,302.53868082709914,309.02561841452507,1660,31.658306445438257,28,0,0,0,0,1,0
188,L187,L,300.7789111269409,310.5088687289768,2386,51.8170801968551,206,0,1,0,1,0,1
189,L188,L,304.04359774993856,312.543697869653,1179,35.71047314890314,34,0,0,1,1,0,1
190,L189,L,303.1740784730611,313.38778788108675,1362,50.96927669178061,5,0,1,1,0,1,1
191,L190,L,302.57048114698625,308.5047659735563,1657,7.5470254696782755,139,1,1,1,1,0,0
192,L191,L,295.5560552168046,310.3586234453564,1962,63.21552743544483,110,0,1,0,0,0,0
193,L192,L,295.0687796221965,308.60147338233725,2048,72.59729251307579,37,0,0,1,1,0,1
194,L193,L,297.12447277195474,308.0995548837956,1349,51.00863857579456,76,1,1,1,1,1,1
195,L194,L,301.63523593913453,311.97031209586373,2129,73.637878735552,92,0,0,1,1,0,1
196,L195,L,299.11197488882544,311.61469665179953,1823,14.205991263377284,146,0,1,1,1,1,1
197,L196,L,299.0240625929931,308.9781146828893,2507,38.32879802154617,66,0,1,1,0,1,1
198,L197,L,303.84586888229614,309.4028769985584,1861,47.5336983119631,135,0,1,0,1,1,1
199,L198,L,303.9556284813184,308.1422465218671,1197,46.048511909167814,7,1,1,0,1,1,0
200,L199,L,304.09175264053584,313.0096832341664,2787,32.7081716525892,246,1,0,1,0,0,1
