unit_id,cycle,op_setting_1,op_setting_2,op_setting_3,sensor_1,sensor_2,sensor_3,sensor_4,sensor_5,sensor_6,sensor_7,sensor_8,sensor_9,sensor_10,sensor_11,sensor_12,sensor_13,sensor_14,sensor_15,sensor_16,sensor_17,sensor_18,sensor_19,sensor_20,sensor_21
1,1,-0.0007,-0.0004,100.0,518.67,642.5817,642.2642,642.6572,518.67,518.67,643.0948,642.2163,642.2163,518.67,643.1229,642.7171,642.0986,642.6046,642.1016,518.67,642.1005,518.67,518.67,642.4543,641.3767
1,2,-0.0007,-0.0004,100.0,518.67,641.8042,642.3855,642.1603,518.67,518.67,642.8238,642.2127,641.9605,518.67,643.3995,642.5538,642.7004,641.9543,642.3945,518.67,642.7221,518.67,518.67,642.0912,642.8545
1,3,-0.0007,-0.0004,100.0,518.67,642.6997,642.8542,642.6991,518.67,518.67,643.9261,642.9933,642.4711,518.67,643.4113,642.3896,643.1044,642.0202,642.3359,518.67,643.0984,518.67,518.67,643.3692,643.0857
1,4,-0.0007,-0.0004,100.0,518.67,643.2755,643.1828,642.5941,518.67,518.67,642.9734,643.103,643.8619,518.67,643.5051,642.4518,643.4954,643.1408,642.9949,518.67,643.6392,518.67,518.67,643.8488,643.799
1,5,-0.0007,-0.0004,100.0,518.67,643.2471,643.5121,643.8323,518.67,518.67,644.1544,643.4271,643.5738,518.67,643.1135,643.0686,644.0729,644.3448,643.6307,518.67,644.1684,518.67,518.67,643.8475,643.3441
1,6,-0.0007,-0.0004,100.0,518.67,644.1807,644.769,643.9821,518.67,518.67,644.7823,642.6901,644.411,518.67,644.0435,643.8505,644.0459,643.0062,643.8902,518.67,644.1786,518.67,518.67,644.7389,643.7409
1,7,-0.0007,-0.0004,100.0,518.67,643.9291,644.0825,644.791,518.67,518.67,644.4977,644.0685,644.59,518.67,644.3819,644.8177,643.9823,644.1695,644.1373,518.67,643.6016,518.67,518.67,644.4814,644.4639
1,8,-0.0007,-0.0004,100.0,518.67,644.6692,644.5494,643.959,518.67,518.67,644.4563,644.4953,644.2655,518.67,644.586,644.8687,645.6098,644.754,644.7954,518.67,644.6294,518.67,518.67,643.7073,644.6534
1,9,-0.0007,-0.0004,100.0,518.67,645.0301,646.2316,644.9038,518.67,518.67,645.1508,644.9826,644.4157,518.67,645.5714,645.376,645.3955,644.5453,645.7014,518.67,644.2991,518.67,518.67,645.2934,646.0952
1,10,-0.0007,-0.0004,100.0,518.67,644.8381,645.0502,645.3832,518.67,518.67,645.0816,644.558,645.3676,518.67,644.8022,645.5701,644.8736,646.1083,644.9417,518.67,645.1723,518.67,518.67,645.7401,644.7179
1,11,-0.0007,-0.0004,100.0,518.67,645.7804,646.3202,644.8629,518.67,518.67,645.759,645.7966,646.0576,518.67,645.0482,645.0064,645.9276,645.8152,645.7919,518.67,645.8399,518.67,518.67,645.3267,645.7828
1,12,-0.0007,-0.0004,100.0,518.67,646.1465,645.6428,646.9329,518.67,518.67,646.2369,645.4043,646.3283,518.67,645.5127,646.3935,646.5793,645.5897,646.4817,518.67,646.2064,518.67,518.67,646.411,646.9484
1,13,-0.0007,-0.0004,100.0,518.67,646.2106,645.9565,645.8886,518.67,518.67,645.9254,646.2948,646.5039,518.67,646.4717,646.7469,646.3398,647.0601,646.201,518.67,647.6934,518.67,518.67,646.6462,645.9048
1,14,-0.0007,-0.0004,100.0,518.67,646.1312,646.9079,646.5549,518.67,518.67,647.0237,646.9033,646.6303,518.67,646.2433,645.9092,646.4434,647.0949,646.7737,518.67,646.0438,518.67,518.67,646.7533,646.8593
1,15,-0.0007,-0.0004,100.0,518.67,646.5581,647.0769,647.0291,518.67,518.67,646.4285,647.1789,647.2804,518.67,647.5415,647.5269,646.3112,646.5311,647.2575,518.67,647.2569,518.67,518.67,647.2575,648.9264
1,16,-0.0007,-0.0004,100.0,518.67,647.6188,647.9011,647.8103,518.67,518.67,647.659,647.1757,647.7128,518.67,646.9469,647.2149,647.0907,647.3743,648.4907,518.67,646.3997,518.67,518.67,647.6765,646.527
1,17,-0.0007,-0.0004,100.0,518.67,647.4307,648.2111,647.6988,518.67,518.67,647.1278,647.309,648.0065,518.67,647.3015,647.7749,647.6895,647.3409,648.7386,518.67,647.9836,518.67,518.67,646.6541,647.7599
1,18,-0.0007,-0.0004,100.0,518.67,647.6691,648.4262,647.6037,518.67,518.67,647.9426,648.2525,648.4329,518.67,647.3999,647.8327,647.7625,647.6733,648.8827,518.67,648.2025,518.67,518.67,647.3696,648.4589
1,19,-0.0007,-0.0004,100.0,518.67,649.3944,648.8496,647.5736,518.67,518.67,648.0912,648.9668,647.9795,518.67,648.5552,648.7207,647.8699,648.3036,646.7127,518.67,647.8211,518.67,518.67,648.207,647.7094
1,20,-0.0007,-0.0004,100.0,518.67,649.4829,647.9516,648.4466,518.67,518.67,648.732,649.3873,647.9487,518.67,649.2482,648.6718,648.1759,648.8977,648.7662,518.67,648.3666,518.67,518.67,648.7016,648.474
1,21,-0.0007,-0.0004,100.0,518.67,649.0568,649.3311,649.793,518.67,518.67,648.3811,650.0665,648.024,518.67,648.9241,649.2942,649.1405,648.6887,648.8959,518.67,648.7535,518.67,518.67,648.7053,649.4248
1,22,-0.0007,-0.0004,100.0,518.67,649.5118,648.9869,649.7831,518.67,518.67,649.487,649.7398,649.6481,518.67,648.9188,649.0532,649.707,649.6385,649.3229,518.67,649.392,518.67,518.67,649.9722,649.0375
1,23,-0.0007,-0.0004,100.0,518.67,649.9402,649.5656,649.5578,518.67,518.67,650.2161,650.0794,650.0734,518.67,650.3194,649.6772,650.0076,649.5115,649.8287,518.67,649.6016,518.67,518.67,649.7152,649.9642
1,24,-0.0007,-0.0004,100.0,518.67,649.5909,651.0462,649.497,518.67,518.67,649.3929,650.5791,650.3958,518.67,650.3121,650.3142,649.9939,649.5514,650.0379,518.67,649.6614,518.67,518.67,650.4876,649.9265
1,25,-0.0007,-0.0004,100.0,518.67,649.9206,650.1726,650.5398,518.67,518.67,650.0515,649.9222,650.4552,518.67,650.4558,650.0799,650.0978,650.4494,649.6093,518.67,649.6296,518.67,518.67,649.9741,650.2266
1,26,-0.0007,-0.0004,100.0,518.67,650.8221,651.4043,651.0955,518.67,518.67,650.5867,650.6572,650.1654,518.67,650.6574,650.5223,650.828,650.2531,650.9263,518.67,651.433,518.67,518.67,650.6123,650.8675
1,27,-0.0007,-0.0004,100.0,518.67,651.3451,650.7994,651.112,518.67,518.67,651.0063,651.0488,650.6135,518.67,651.0123,651.249,651.7256,651.4796,652.0766,518.67,650.6163,518.67,518.67,651.4362,651.0917
1,28,-0.0007,-0.0004,100.0,518.67,652.4282,650.9292,650.9135,518.67,518.67,651.0336,650.2714,651.0705,518.67,650.9538,651.4085,651.5042,652.2714,651.8085,518.67,651.0449,518.67,518.67,650.8841,651.5793
1,29,-0.0007,-0.0004,100.0,518.67,651.0066,652.5824,652.2564,518.67,518.67,651.4321,650.8101,652.3436,518.67,651.6094,652.2856,650.8695,651.367,651.6693,518.67,651.6902,518.67,518.67,651.4416,651.9781
1,30,-0.0007,-0.0004,100.0,518.67,651.4662,651.9288,652.0601,518.67,518.67,652.2572,652.3558,651.4377,518.67,651.2329,652.6388,652.1662,651.6258,652.7756,518.67,652.0578,518.67,518.67,652.5896,652.0338
1,31,-0.0007,-0.0004,100.0,518.67,653.3637,653.211,652.2089,518.67,518.67,652.8191,652.656,653.0176,518.67,651.8509,652.6764,652.8625,651.454,651.7417,518.67,651.3137,518.67,518.67,652.1986,652.6921
1,32,-0.0007,-0.0004,100.0,518.67,653.4178,652.7037,653.481,518.67,518.67,651.9766,651.815,652.6389,518.67,652.8587,652.6503,651.6329,652.6221,652.0144,518.67,653.0015,518.67,518.67,652.85,652.1967
1,33,-0.0007,-0.0004,100.0,518.67,652.7431,652.4704,652.9687,518.67,518.67,653.4776,652.5071,653.252,518.67,652.7349,652.6036,652.9465,652.4824,652.7232,518.67,652.4011,518.67,518.67,653.9824,653.0176
1,34,-0.0007,-0.0004,100.0,518.67,652.9835,653.4403,653.2772,518.67,518.67,653.2228,653.6404,653.7121,518.67,653.0681,653.0454,653.1958,652.1824,652.5757,518.67,654.0168,518.67,518.67,654.1558,653.2088
1,35,-0.0007,-0.0004,100.0,518.67,653.9549,653.8223,655.2061,518.67,518.67,654.2265,653.6027,653.1889,518.67,652.8634,653.7684,653.2885,652.9555,653.3434,518.67,653.1259,518.67,518.67,654.5102,654.1075
1,36,-0.0007,-0.0004,100.0,518.67,653.996,654.74,654.0387,518.67,518.67,653.5694,654.7616,654.2695,518.67,653.4814,653.9048,653.5622,653.3086,654.4631,518.67,654.9547,518.67,518.67,653.3007,654.2815
1,37,-0.0007,-0.0004,100.0,518.67,654.008,654.0898,654.0371,518.67,518.67,653.9013,654.3576,653.9179,518.67,654.4686,654.3082,654.2139,653.8796,654.0449,518.67,654.711,518.67,518.67,654.5838,653.8446
1,38,-0.0007,-0.0004,100.0,518.67,654.7163,655.0424,653.832,518.67,518.67,654.9383,654.3354,654.952,518.67,654.285,653.7642,653.8529,654.6907,654.7965,518.67,654.2145,518.67,518.67,654.986,653.8359
1,39,-0.0007,-0.0004,100.0,518.67,654.967,654.3945,654.6741,518.67,518.67,655.0237,654.5698,654.8077,518.67,655.5031,654.7116,655.4178,654.4351,655.2649,518.67,655.7208,518.67,518.67,653.7642,654.6016
1,40,-0.0007,-0.0004,100.0,518.67,655.6219,655.2318,655.5189,518.67,518.67,655.0313,655.3766,655.2555,518.67,655.9172,655.4605,655.5021,655.1274,655.0895,518.67,655.1171,518.67,518.67,655.5306,655.1228
1,41,-0.0007,-0.0004,100.0,518.67,655.8116,656.7044,656.1022,518.67,518.67,655.5037,656.2673,655.4626,518.67,654.6476,655.1626,654.7313,655.4909,655.6759,518.67,656.5049,518.67,518.67,655.8301,655.5571
1,42,-0.0007,-0.0004,100.0,518.67,656.4147,654.8944,656.1178,518.67,518.67,656.3854,655.2607,656.5719,518.67,656.1692,655.7924,656.3164,657.1353,656.0909,518.67,656.1241,518.67,518.67,655.7703,655.5751
1,43,-0.0007,-0.0004,100.0,518.67,656.7485,655.9053,656.3691,518.67,518.67,656.0945,656.5728,656.5002,518.67,656.8521,656.0783,656.1984,655.844,656.1112,518.67,656.522,518.67,518.67,656.7118,655.8723
1,44,-0.0007,-0.0004,100.0,518.67,657.1015,657.3445,656.8734,518.67,518.67,657.6051,656.2798,656.0443,518.67,655.7773,657.4147,656.9938,656.6389,656.8067,518.67,656.1039,518.67,518.67,657.8895,656.7313
1,45,-0.0007,-0.0004,100.0,518.67,657.0547,657.3629,657.2405,518.67,518.67,657.1119,656.6048,657.2357,518.67,657.941,657.6727,657.7966,656.7444,656.5052,518.67,656.9371,518.67,518.67,657.0279,657.5471
2,1,-0.0007,-0.0004,100.0,518.67,641.4871,643.0981,642.2543,518.67,518.67,642.1199,641.8273,641.5059,518.67,642.7449,642.37,641.6884,641.6858,642.1654,518.67,643.1678,518.67,518.67,642.2035,641.5818
2,2,-0.0007,-0.0004,100.0,518.67,642.5438,642.5303,641.3182,518.67,518.67,642.6395,642.5512,643.0148,518.67,643.5911,643.2299,642.5322,642.1134,643.9533,518.67,642.6963,518.67,518.67,642.6736,642.6546
2,3,-0.0007,-0.0004,100.0,518.67,643.099,642.9278,642.7132,518.67,518.67,642.7266,642.9836,642.7283,518.67,642.6436,643.0532,642.8725,643.752,641.6745,518.67,643.5458,518.67,518.67,643.623,641.9633
2,4,-0.0007,-0.0004,100.0,518.67,643.162,643.1476,642.6296,518.67,518.67,642.9444,642.778,644.2095,518.67,643.8012,643.9691,643.6942,642.7688,643.0711,518.67,643.578,518.67,518.67,642.7223,643.6898
2,5,-0.0007,-0.0004,100.0,518.67,643.5465,643.4793,644.0221,518.67,518.67,643.8888,643.4862,644.2463,518.67,643.1261,643.9746,643.9632,643.5119,643.8297,518.67,643.0411,518.67,518.67,644.1287,643.5742
2,6,-0.0007,-0.0004,100.0,518.67,643.7386,644.5245,643.6478,518.67,518.67,643.2958,643.2217,644.303,518.67,643.3598,644.8774,642.959,644.8482,644.1055,518.67,643.9516,518.67,518.67,643.7275,644.1996
2,7,-0.0007,-0.0004,100.0,518.67,644.3145,644.885,644.3904,518.67,518.67,644.4085,644.1515,644.3049,518.67,644.4872,643.4782,643.6592,644.705,644.4188,518.67,644.2413,518.67,518.67,644.3426,644.5071
2,8,-0.0007,-0.0004,100.0,518.67,644.3968,644.2775,644.7646,518.67,518.67,644.1775,644.8708,643.8154,518.67,645.1812,644.903,644.7947,645.158,645.4994,518.67,645.1739,518.67,518.67,643.7462,644.0269
2,9,-0.0007,-0.0004,100.0,518.67,644.6876,645.013,645.2588,518.67,518.67,644.6371,645.0934,644.6223,518.67,644.6942,644.2967,644.5384,644.3242,644.5121,518.67,645.5268,518.67,518.67,644.5253,646.3162
2,10,-0.0007,-0.0004,100.0,518.67,645.58,645.4258,644.9042,518.67,518.67,645.6835,645.0455,645.3943,518.67,646.6134,645.2853,645.908,644.9817,645.3158,518.67,646.2187,518.67,518.67,645.0198,646.2396
2,11,-0.0007,-0.0004,100.0,518.67,646.0205,645.3854,645.9829,518.67,518.67,646.1529,645.9776,644.8816,518.67,645.3031,645.5429,645.6294,645.977,645.7555,518.67,644.999,518.67,518.67,645.8568,645.972
2,12,-0.0007,-0.0004,100.0,518.67,646.2799,646.5404,646.417,518.67,518.67,646.2296,645.9649,645.1695,518.67,646.2148,646.1038,646.1358,645.3616,645.4595,518.67,646.5266,518.67,518.67,645.9802,646.3408
2,13,-0.0007,-0.0004,100.0,518.67,646.3475,646.3482,646.8025,518.67,518.67,646.0753,646.3814,646.1022,518.67,646.1161,646.1787,646.4444,646.094,646.9612,518.67,645.886,518.67,518.67,646.2399,646.1135
2,14,-0.0007,-0.0004,100.0,518.67,647.3902,646.7649,647.1826,518.67,518.67,645.9239,646.8002,647.1115,518.67,646.7078,647.1994,646.408,647.3713,647.8161,518.67,646.4852,518.67,518.67,646.4439,647.3934
2,15,-0.0007,-0.0004,100.0,518.67,647.7898,646.7386,646.7899,518.67,518.67,646.8591,646.3278,646.5407,518.67,646.4979,646.6161,646.9827,647.1171,647.7753,518.67,646.5008,518.67,518.67,647.4922,646.893
2,16,-0.0007,-0.0004,100.0,518.67,647.3086,647.6707,646.772,518.67,518.67,647.5245,647.4166,647.5796,518.67,647.4779,648.561,647.0145,647.0678,647.0218,518.67,647.0556,518.67,518.67,647.0146,647.9278
2,17,-0.0007,-0.0004,100.0,518.67,648.3769,647.3813,647.2505,518.67,518.67,647.9024,647.3906,647.9831,518.67,647.7681,646.9088,648.4404,648.5646,647.3603,518.67,647.4728,518.67,518.67,647.8096,647.8339
2,18,-0.0007,-0.0004,100.0,518.67,648.3293,649.0051,647.9115,518.67,518.67,647.6009,647.3103,647.6345,518.67,647.9834,648.8973,647.7412,648.1119,647.9918,518.67,648.5942,518.67,518.67,649.2635,647.7346
2,19,-0.0007,-0.0004,100.0,518.67,648.0886,648.8554,648.6743,518.67,518.67,649.2567,648.6253,648.1537,518.67,648.6287,648.8877,648.7436,648.587,648.8667,518.67,648.918,518.67,518.67,649.0244,648.6577
2,20,-0.0007,-0.0004,100.0,518.67,648.5831,648.74,649.2699,518.67,518.67,648.2582,648.851,648.47,518.67,648.681,649.3059,648.7622,648.6899,647.9867,518.67,649.0398,518.67,518.67,648.9894,649.7483
2,21,-0.0007,-0.0004,100.0,518.67,648.8461,649.1096,649.1247,518.67,518.67,649.7887,648.9524,649.1395,518.67,649.3039,649.0933,648.7768,649.097,649.5368,518.67,648.4867,518.67,518.67,649.0665,648.6499
2,22,-0.0007,-0.0004,100.0,518.67,649.9309,648.5717,649.0539,518.67,518.67,649.5219,650.1161,649.3005,518.67,649.0557,650.2739,648.6093,648.2339,649.5533,518.67,649.0823,518.67,518.67,648.8227,649.6875
2,23,-0.0007,-0.0004,100.0,518.67,649.7886,649.3846,649.0265,518.67,518.67,650.1029,649.9918,649.6171,518.67,650.59,649.1316,648.9039,649.3207,649.6439,518.67,649.7883,518.67,518.67,649.546,649.8427
2,24,-0.0007,-0.0004,100.0,518.67,649.3742,650.7219,649.9589,518.67,518.67,650.5586,650.1714,650.2284,518.67,650.2849,650.2239,650.3214,650.6646,650.0983,518.67,650.3545,518.67,518.67,649.9551,650.7201
2,25,-0.0007,-0.0004,100.0,518.67,649.9951,651.2338,650.3133,518.67,518.67,649.6179,650.3974,649.9928,518.67,650.7537,650.007,650.1102,649.3886,650.1072,518.67,649.1214,518.67,518.67,649.5414,650.7135
2,26,-0.0007,-0.0004,100.0,518.67,651.0596,650.8794,650.1832,518.67,518.67,650.6428,650.6649,650.0875,518.67,651.4184,651.1053,650.5562,650.6801,650.7709,518.67,649.6458,518.67,518.67,650.5431,650.3257
2,27,-0.0007,-0.0004,100.0,518.67,650.4992,650.8594,651.8988,518.67,518.67,651.3204,650.7144,651.2863,518.67,651.6997,651.4623,651.0298,650.6765,651.3491,518.67,651.1967,518.67,518.67,651.4476,651.3176
2,28,-0.0007,-0.0004,100.0,518.67,651.8581,651.0657,651.992,518.67,518.67,651.4321,652.371,650.9887,518.67,652.2013,651.4323,651.0076,651.0914,651.1732,518.67,651.5454,518.67,518.67,651.5948,651.0465
2,29,-0.0007,-0.0004,100.0,518.67,651.6545,652.7378,652.5304,518.67,518.67,651.8848,651.6857,651.7267,518.67,651.9734,651.1553,651.538,650.8324,651.8663,518.67,651.9903,518.67,518.67,651.4251,652.4537
2,30,-0.0007,-0.0004,100.0,518.67,651.3871,651.2678,652.1122,518.67,518.67,652.5235,652.842,651.7706,518.67,652.5393,651.9807,651.9137,652.4418,652.3262,518.67,651.2118,518.67,518.67,652.7383,652.69
2,31,-0.0007,-0.0004,100.0,518.67,652.0206,652.5312,652.5803,518.67,518.67,652.4637,652.0582,651.9975,518.67,652.3206,652.9197,652.6051,652.148,652.7192,518.67,650.9091,518.67,518.67,652.9077,651.4635
2,32,-0.0007,-0.0004,100.0,518.67,652.4854,652.1068,652.0193,518.67,518.67,653.2471,652.4328,652.8399,518.67,652.6432,652.9052,652.7051,652.0252,653.1648,518.67,652.4198,518.67,518.67,651.8884,652.4526
2,33,-0.0007,-0.0004,100.0,518.67,653.7504,653.4251,652.8257,518.67,518.67,652.8254,652.8392,654.0384,518.67,653.191,653.215,653.5151,653.1194,652.8705,518.67,652.9018,518.67,518.67,652.9642,652.9814
2,34,-0.0007,-0.0004,100.0,518.67,653.6971,653.3593,653.6997,518.67,518.67,653.293,653.3727,652.3342,518.67,653.7915,653.5066,653.8323,651.8852,654.3775,518.67,653.2635,518.67,518.67,653.8874,652.8134
2,35,-0.0007,-0.0004,100.0,518.67,653.9731,653.14,653.3548,518.67,518.67,654.6237,653.5713,653.7754,518.67,654.1017,653.9145,653.7419,653.8491,654.8684,518.67,653.6379,518.67,518.67,653.7672,654.192
2,36,-0.0007,-0.0004,100.0,518.67,654.5528,654.5935,654.3194,518.67,518.67,653.4285,654.8167,653.4268,518.67,654.1513,653.6229,653.9679,654.1644,654.1607,518.67,654.211,518.67,518.67,654.8069,654.2268
2,37,-0.0007,-0.0004,100.0,518.67,654.2113,654.8154,654.9281,518.67,518.67,653.7195,654.632,654.6839,518.67,654.1846,655.0212,654.2583,654.3961,654.2468,518.67,654.3411,518.67,518.67,653.7852,653.6133
2,38,-0.0007,-0.0004,100.0,518.67,655.4639,654.2432,654.171,518.67,518.67,653.59,654.3472,654.0051,518.67,655.4877,655.1716,654.3226,655.7929,655.1575,518.67,654.5043,518.67,518.67,653.417,655.8121
2,39,-0.0007,-0.0004,100.0,518.67,654.3052,654.1773,655.5113,518.67,518.67,656.2199,655.6921,655.282,518.67,655.2974,655.4267,655.3795,655.1406,655.0521,518.67,654.9687,518.67,518.67,654.623,654.8597
2,40,-0.0007,-0.0004,100.0,518.67,654.4869,655.2842,654.839,518.67,518.67,654.7815,655.4233,656.0293,518.67,655.7925,654.5481,654.8385,655.8037,654.8421,518.67,655.221,518.67,518.67,655.6084,654.8492
2,41,-0.0007,-0.0004,100.0,518.67,655.7194,654.9997,655.366,518.67,518.67,655.8266,654.8702,655.8869,518.67,655.6568,655.9429,655.7786,656.3487,655.7293,518.67,655.452,518.67,518.67,655.7278,655.9383
2,42,-0.0007,-0.0004,100.0,518.67,656.0244,656.0203,655.649,518.67,518.67,655.6685,655.2987,656.8748,518.67,655.3781,655.6535,655.6408,656.4475,655.8525,518.67,656.6239,518.67,518.67,655.6633,656.1395
2,43,-0.0007,-0.0004,100.0,518.67,655.9157,657.4059,655.7395,518.67,518.67,656.4882,656.6502,656.5402,518.67,656.2407,656.2684,656.3552,656.2598,656.8153,518.67,657.4386,518.67,518.67,656.0546,655.6484
2,44,-0.0007,-0.0004,100.0,518.67,656.6225,657.9565,656.2648,518.67,518.67,657.4862,657.5055,656.3899,518.67,656.9512,657.4809,656.4771,656.5649,656.3758,518.67,656.1593,518.67,518.67,656.342,656.0547
2,45,-0.0007,-0.0004,100.0,518.67,657.017,656.615,657.1169,518.67,518.67,656.2221,657.1654,657.4168,518.67,656.0031,657.187,657.6138,656.3952,657.8363,518.67,657.2095,518.67,518.67,656.6475,656.9721
